MPN,Price
100-C09KF01,35.15
100-C09KF10,35.15
100-C12KF01,41.19
100-C12KF10,41.19
100-C16D10,N/A
100-C16EJ01,80.51
100-C16EJ300,N/A
100-C16KF10,51.47
100-C16KF400,51.47
100-C16KJ10,51.47
100-C23D01,N/A
100-C23KF01,72.65
100-C23KF10,72.65
100-C23KF400,N/A
100-C30KF00,110.22
100-C37D10,N/A
100-C37KJ00,130.40
100-C43KF00,156.87
100-C55D00,N/A
100-C55D10,N/A
100-C60KF00,223.56
100-C85KF00,319.37
100-C97KF00,348.13
100-FA11,12.05
100-FA40,23.79
100-FB20,77.60
100S-E205ED12C,N/A
140MG-I8P-D15,N/A
140MT-C-ASA11,N/A
140MT-D9E-B25,N/A
140MT-D9T-B10,N/A
1489-M1D010,N/A
1489-M1D020,N/A
1489-M1D030,N/A
1489-M1D040,N/A
1489-M1D050,N/A
1489-M1D600,N/A
1492-J10-G,N/A
1492-N90,N/A
1492-SPM1B080,N/A
1492-SPM2C320,N/A
150-C108NBR,N/A
150-C19NCR,N/A
150-FPP317B,N/A
156-C3P20NCB,N/A
1606-XLB90E,N/A
1734-AENTR,N/A
1734-IB8,N/A
1734-IB8S,N/A
1734-IE2C,N/A
1734-OB8,N/A
1734-TBS,N/A
1769-L16ER-BB1B,N/A
1794-IB10XOB6XT,N/A
1794-OB8EP,N/A
193-1EEEB,N/A
193-1EEFD,N/A
193-EIO-63-24D,N/A
193-KB40,N/A
193-KB48,N/A
193-KB63,N/A
193-KB75,N/A
193-KC10,N/A
193-KC12,N/A
193-T1AC20,N/A
193-T1BC25,N/A
194L-E16-1751,N/A
194R-C30-1753,N/A
194R-HM4E,N/A
194R-J100-1753,N/A
20-750-20COMM,N/A
20-750-NEMA1-F2,N/A
2090-CSBM1DF-14AF15,N/A
2090-CSBM1DG-10AF30,N/A
2090-CSBM1DG-14AF20,N/A
2094-BM01-M,N/A
2094-EN02D-M01-S0,N/A
2198-DB80-F,N/A
2198-KITCON-DSL,N/A
2198-P208,N/A
22-HIM-A3,N/A
25B-A4P8N114,N/A
25B-A8P0N114,N/A
25C-A4P8N114,N/A
25-ENC-2,517.66
2713P-T7WD1,N/A
42GRU-9203-QD,109.21
440E-D13118,85.05
440E-LL5SS8,256.07
440G-LZS21SPRH,256.20
440K-C21048,53.45
440K-C21050,53.45
440L-R4K1280YD,N/A
440N-Z21S26B,162.72
440R-N23132S,N/A
440T-AKEYE100E,N/A
4983-DD06,N/A
5069-RTB18-SPRING,N/A
700-HC24A1-4,N/A
700-HF32A24,N/A
700-HLT2Z12,N/A
700-HN122,N/A
700-HP32Z24,N/A
800F-ALM,N/A
800FM-MP42,N/A
855BS-S45SL5,N/A
855PC-B24ME422,N/A
871T-G8B18,N/A
875L-N25NP30-D4,N/A
889D-F4ACDM-3,N/A
889D-F4ACDM-5,N/A
898P-P36PT-D8,N/A
92-46,4.73
SK-R9-FAN14-F7A,N/A
VPL-B0632T-PK14AA,N/A
VPL-B1152F-PK14AA,N/A
